<?xml version="1.0" encoding="UTF-8"?>
<project-private xmlns="http://www.netbeans.org/ns/project-private/1">
    <editor-bookmarks xmlns="http://www.netbeans.org/ns/editor-bookmarks/2" lastBookmarkId="0"/>
    <open-files xmlns="http://www.netbeans.org/ns/projectui-open-files/2">
        <group>
            <file>file:/C:/Users/gabri/OneDrive/Documentos/IFSC/PJS%20-%20JAVA/Exercicio1505/src/exercicio1505/Teste.java</file>
            <file>file:/C:/Users/gabri/OneDrive/Documentos/IFSC/PJS%20-%20JAVA/Exercicio1505/src/observer/model/ConcreteSubject.java</file>
        </group>
    </open-files>
</project-private>
